{
  "highlightr-plugin:Yellow": [
    {
      "modifiers": [
        "Alt",
        "Ctrl",
        "Mod",
        "Shift"
      ],
      "key": "1"
    }
  ],
  "highlightr-plugin:Blue": [
    {
      "modifiers": [
        "Alt",
        "Ctrl",
        "Mod",
        "Shift"
      ],
      "key": "2"
    }
  ],
  "highlightr-plugin:Cyan": [
    {
      "modifiers": [
        "Alt",
        "Ctrl",
        "Mod",
        "Shift"
      ],
      "key": "3"
    }
  ],
  "highlightr-plugin:Green": [
    {
      "modifiers": [
        "Alt",
        "Ctrl",
        "Mod",
        "Shift"
      ],
      "key": "4"
    }
  ],
  "highlightr-plugin:Grey": [
    {
      "modifiers": [
        "Alt",
        "Ctrl",
        "Mod",
        "Shift"
      ],
      "key": "5"
    }
  ],
  "insert-template": [
    {
      "modifiers": [
        "Alt",
        "Ctrl",
        "Mod"
      ],
      "key": "T"
    }
  ]
}