{
  "items": [
    {
      "type": "file",
      "title": "Pod Weekly Status Reports",
      "path": "vmware/pod/Pod Weekly Status Reports.md"
    },
    {
      "type": "file",
      "title": "vmware.home",
      "path": "vmware/vmware.Home.md"
    },
    {
      "type": "file",
      "title": "CDS-205. Monitor CDS Runtime Status & Create Wavefront Alerts -- Stg",
      "path": "vmware/pod/tickets/CDS-205. Monitor CDS Runtime Status & Create Wavefront Alerts -- Stg.md"
    },
    {
      "type": "file",
      "title": "Pod Daily Home",
      "path": "vmware/Pod Dailies.md"
    }
  ]
}