{
  "main": {
    "id": "55624587fd2c47a8",
    "type": "split",
    "children": [
      {
        "id": "2e3b6aea5ae7ae27",
        "type": "tabs",
        "children": [
          {
            "id": "329b03ad17e02d4e",
            "type": "leaf",
            "state": {
              "type": "markdown",
              "state": {
                "file": "xin/career-insights/1 on 1s with your manager.md",
                "mode": "source",
                "source": false
              }
            }
          }
        ]
      }
    ],
    "direction": "vertical"
  },
  "left": {
    "id": "7d2834ec4c1f5337",
    "type": "split",
    "children": [
      {
        "id": "ba3b5a7e5478f7fd",
        "type": "tabs",
        "children": [
          {
            "id": "ade6df46d4997538",
            "type": "leaf",
            "state": {
              "type": "file-explorer",
              "state": {
                "sortOrder": "alphabetical"
              }
            }
          },
          {
            "id": "f5c2b597b5278f5d",
            "type": "leaf",
            "state": {
              "type": "search",
              "state": {
                "query": "",
                "matchingCase": false,
                "explainSearch": false,
                "collapseAll": false,
                "extraContext": false,
                "sortOrder": "alphabetical"
              }
            }
          },
          {
            "id": "92822280f40b928e",
            "type": "leaf",
            "state": {
              "type": "starred",
              "state": {}
            }
          }
        ]
      }
    ],
    "direction": "horizontal",
    "width": 300
  },
  "right": {
    "id": "81771ba4c5d5cc10",
    "type": "split",
    "children": [
      {
        "id": "239611e99346f5a4",
        "type": "tabs",
        "children": [
          {
            "id": "f6ce183a187d9223",
            "type": "leaf",
            "state": {
              "type": "backlink",
              "state": {
                "file": "xin/career-insights/1 on 1s with your manager.md",
                "collapseAll": false,
                "extraContext": false,
                "sortOrder": "alphabetical",
                "showSearch": false,
                "searchQuery": "",
                "backlinkCollapsed": false,
                "unlinkedCollapsed": true
              }
            }
          },
          {
            "id": "447643c3c92372d7",
            "type": "leaf",
            "state": {
              "type": "outgoing-link",
              "state": {
                "file": "xin/career-insights/1 on 1s with your manager.md",
                "linksCollapsed": false,
                "unlinkedCollapsed": true
              }
            }
          },
          {
            "id": "bf143ac7dc4568a0",
            "type": "leaf",
            "state": {
              "type": "tag",
              "state": {
                "sortOrder": "frequency",
                "useHierarchy": true
              }
            }
          },
          {
            "id": "a239ef1297924543",
            "type": "leaf",
            "state": {
              "type": "outline",
              "state": {
                "file": "xin/career-insights/1 on 1s with your manager.md"
              }
            }
          }
        ]
      }
    ],
    "direction": "horizontal",
    "width": 300,
    "collapsed": true
  },
  "active": "329b03ad17e02d4e",
  "lastOpenFiles": [
    "vmware/pod/toi/TOI for SDDC Bring-up Functional Spec (CDS), 11.03.22.md",
    "xin/career-insights/1 on 1s with your manager.md",
    "vmware/Pod Dailies.md",
    "vmware/vmware.Home.md",
    "vmware/pod/documentation, notes/Notes on Enabling SDDC-Worker for x86 Architecture.md",
    "vmware/pod/Pod Weekly Status Reports.md",
    "vmware/pod/documentation, notes/Documentation on Enabling SDDC-Worker on VMC GovCloud.md",
    "vmware/pod/documentation, notes/Documentation on Wavefront Query Language & Metrics.md",
    "_templates/pod/daily-standup-template.md",
    "vmware/pod/documentation, notes/Documentation for SDDC-Worker With VMware Horizon Cloud Host Setup (M1 Architecture).md"
  ]
}